equipment_id,linear_regression_failure_prob,random_forest_failure_prob,failure_probability_pred,maintenance_urgency_pred
NEW_EQ_001,0.3265118081996804,0.45438951321379073,0.3265118081996804,medium
NEW_EQ_002,0.1850028258280948,0.4521328990664667,0.1850028258280948,low
NEW_EQ_003,0.18477239433287906,0.4429704663179433,0.18477239433287906,low
NEW_EQ_004,0.5346439309481723,0.5592429871207014,0.5346439309481723,high
NEW_EQ_005,0.40788465179591793,0.47945615866487856,0.40788465179591793,high
