model,r2_score,mae,rank
Linear Regression,0.886840674536984,0.03926178971194952,1
XGBoost,0.8693545663601177,0.04264831787829422,2
Ensemble Voting,0.8677318458836012,0.04292896696242803,3
Gradient Boosting,0.8625817448205975,0.04356722978841579,4
Random Forest,0.8596838353192318,0.04420845193330515,5
Neural Network,0.8511707060620242,0.04585355071880565,6
